algo,param,k,recall,qps,search_time_ms,p50_ms,p95_ms,p99_ms,build_time_s,index_bytes,n_queries,build_params,axis,reused,success,error,notes
pgvector_hnsw,10,10,0.6818,489.0,4090.261,1.98,2.728,3.268,118.658,4093870080,2000,"{""ef_construction"":64,""m"":16}",latency,False,True,,
pgvector_hnsw,20,10,0.7935,392.1,5100.629,2.492,3.436,4.098,118.658,4093870080,2000,"{""ef_construction"":64,""m"":16}",latency,True,True,,
pgvector_hnsw,40,10,0.8678,284.6,7027.596,3.49,4.641,5.671,118.658,4093870080,2000,"{""ef_construction"":64,""m"":16}",latency,True,True,,
pgvector_hnsw,80,10,0.9227,189.0,10579.386,5.278,7.051,8.414,118.658,4093870080,2000,"{""ef_construction"":64,""m"":16}",latency,True,True,,
pgvector_hnsw,120,10,0.9393,144.7,13818.371,6.888,9.259,10.867,118.658,4093870080,2000,"{""ef_construction"":64,""m"":16}",latency,True,True,,
pgvector_hnsw,200,10,0.9594,102.1,19581.94,9.784,13.348,15.085,118.658,4093870080,2000,"{""ef_construction"":64,""m"":16}",latency,True,True,,
pgvector_hnsw,400,10,0.9734,61.0,32761.179,16.336,22.949,25.206,118.658,4093870080,2000,"{""ef_construction"":64,""m"":16}",latency,True,True,,
pgvector_hnsw,10,10,0.6816,469.5,4260.078,2.071,2.828,3.306,189.36,4093870080,2000,"{""ef_construction"":128,""m"":16}",latency,False,True,,
pgvector_hnsw,20,10,0.7859,359.7,5559.797,2.733,3.631,4.415,189.36,4093870080,2000,"{""ef_construction"":128,""m"":16}",latency,True,True,,
pgvector_hnsw,40,10,0.8663,286.1,6991.62,3.472,4.664,5.701,189.36,4093870080,2000,"{""ef_construction"":128,""m"":16}",latency,True,True,,
pgvector_hnsw,80,10,0.9184,188.0,10641.01,5.295,7.166,8.642,189.36,4093870080,2000,"{""ef_construction"":128,""m"":16}",latency,True,True,,
pgvector_hnsw,120,10,0.9396,128.2,15601.444,7.773,10.532,12.69,189.36,4093870080,2000,"{""ef_construction"":128,""m"":16}",latency,True,True,,
pgvector_hnsw,200,10,0.961,90.1,22205.597,11.001,15.585,17.773,189.36,4093870080,2000,"{""ef_construction"":128,""m"":16}",latency,True,True,,
pgvector_hnsw,400,10,0.9804,54.0,37029.032,18.359,26.212,29.657,189.36,4093870080,2000,"{""ef_construction"":128,""m"":16}",latency,True,True,,
pgvector_hnsw,10,10,0.7819,392.0,5102.438,2.485,3.481,3.965,207.927,4096008192,2000,"{""ef_construction"":64,""m"":32}",latency,False,True,,
pgvector_hnsw,20,10,0.8608,288.1,6942.84,3.425,4.752,5.46,207.927,4096008192,2000,"{""ef_construction"":64,""m"":32}",latency,True,True,,
pgvector_hnsw,40,10,0.9149,196.0,10203.667,5.076,7.014,8.284,207.927,4096008192,2000,"{""ef_construction"":64,""m"":32}",latency,True,True,,
pgvector_hnsw,80,10,0.9485,127.0,15748.648,7.878,11.024,12.598,207.927,4096008192,2000,"{""ef_construction"":64,""m"":32}",latency,True,True,,
pgvector_hnsw,120,10,0.9622,96.4,20749.236,10.345,14.815,16.63,207.927,4096008192,2000,"{""ef_construction"":64,""m"":32}",latency,True,True,,
pgvector_hnsw,200,10,0.974,66.7,29970.191,14.869,21.829,24.96,207.927,4096008192,2000,"{""ef_construction"":64,""m"":32}",latency,True,True,,
pgvector_hnsw,400,10,0.9843,40.1,49936.651,24.645,37.183,42.531,207.927,4096008192,2000,"{""ef_construction"":64,""m"":32}",latency,True,True,,
pgvector_hnsw,10,10,0.771,346.0,5779.697,2.818,4.038,4.745,340.408,4093870080,2000,"{""ef_construction"":128,""m"":32}",latency,False,True,,
pgvector_hnsw,20,10,0.8485,261.1,7658.949,3.769,5.321,6.311,340.408,4093870080,2000,"{""ef_construction"":128,""m"":32}",latency,True,True,,
pgvector_hnsw,40,10,0.9021,177.2,11288.233,5.591,7.825,9.38,340.408,4093870080,2000,"{""ef_construction"":128,""m"":32}",latency,True,True,,
pgvector_hnsw,80,10,0.9433,111.2,17980.51,8.9,12.886,14.757,340.408,4093870080,2000,"{""ef_construction"":128,""m"":32}",latency,True,True,,
pgvector_hnsw,120,10,0.9541,92.4,21645.341,10.686,15.745,18.727,340.408,4093870080,2000,"{""ef_construction"":128,""m"":32}",latency,True,True,,
pgvector_hnsw,200,10,0.972,61.7,32424.743,15.975,24.098,28.333,340.408,4093870080,2000,"{""ef_construction"":128,""m"":32}",latency,True,True,,
pgvector_hnsw,400,10,0.9826,37.0,53997.374,26.568,40.795,46.923,340.408,4093870080,2000,"{""ef_construction"":128,""m"":32}",latency,True,True,,
pgcuvs_cagra,16,10,0.9472,582.3,3434.935,1.703,1.878,2.032,24.327,3200000000,2000,"{""graph_degree"":32,""intermediate_graph_degree"":128}",latency,False,True,,
pgcuvs_cagra,32,10,0.9473,585.6,3415.222,1.69,1.888,1.987,24.327,3200000000,2000,"{""graph_degree"":32,""intermediate_graph_degree"":128}",latency,True,True,,
pgcuvs_cagra,64,10,0.9473,577.4,3463.9,1.717,1.894,2.005,24.327,3200000000,2000,"{""graph_degree"":32,""intermediate_graph_degree"":128}",latency,True,True,,
pgcuvs_cagra,100,10,0.9816,577.9,3461.034,1.719,1.877,1.975,24.327,3200000000,2000,"{""graph_degree"":32,""intermediate_graph_degree"":128}",latency,True,True,,
pgcuvs_cagra,200,10,0.9928,580.5,3445.485,1.714,1.858,2.032,24.327,3200000000,2000,"{""graph_degree"":32,""intermediate_graph_degree"":128}",latency,True,True,,
pgcuvs_cagra,400,10,0.9974,552.3,3621.483,1.798,1.982,2.116,24.327,3200000000,2000,"{""graph_degree"":32,""intermediate_graph_degree"":128}",latency,True,True,,
pgcuvs_cagra,16,10,0.9782,533.7,3747.544,1.846,2.047,2.31,25.377,3328000000,2000,"{""graph_degree"":64,""intermediate_graph_degree"":128}",latency,False,True,,
pgcuvs_cagra,32,10,0.9781,517.3,3865.938,1.92,2.063,2.41,25.377,3328000000,2000,"{""graph_degree"":64,""intermediate_graph_degree"":128}",latency,True,True,,
pgcuvs_cagra,64,10,0.978,523.2,3822.43,1.902,2.008,2.334,25.377,3328000000,2000,"{""graph_degree"":64,""intermediate_graph_degree"":128}",latency,True,True,,
pgcuvs_cagra,100,10,0.993,529.1,3779.688,1.877,2.029,2.249,25.377,3328000000,2000,"{""graph_degree"":64,""intermediate_graph_degree"":128}",latency,True,True,,
pgcuvs_cagra,200,10,0.9971,495.3,4037.872,2.0,2.216,2.407,25.377,3328000000,2000,"{""graph_degree"":64,""intermediate_graph_degree"":128}",latency,True,True,,
pgcuvs_cagra,400,10,0.9986,490.7,4076.169,2.033,2.236,2.395,25.377,3328000000,2000,"{""graph_degree"":64,""intermediate_graph_degree"":128}",latency,True,True,,
pgcuvs_cagra,16,10,0.9895,483.8,4133.522,2.049,2.238,2.434,27.136,3584000000,2000,"{""graph_degree"":128,""intermediate_graph_degree"":128}",latency,False,True,,
pgcuvs_cagra,32,10,0.9893,496.1,4031.812,2.004,2.109,2.446,27.136,3584000000,2000,"{""graph_degree"":128,""intermediate_graph_degree"":128}",latency,True,True,,
pgcuvs_cagra,64,10,0.9894,494.7,4042.909,2.006,2.119,2.606,27.136,3584000000,2000,"{""graph_degree"":128,""intermediate_graph_degree"":128}",latency,True,True,,
pgcuvs_cagra,100,10,0.9959,483.1,4139.737,2.055,2.163,2.633,27.136,3584000000,2000,"{""graph_degree"":128,""intermediate_graph_degree"":128}",latency,True,True,,
pgcuvs_cagra,200,10,0.9973,478.7,4177.736,2.074,2.184,2.653,27.136,3584000000,2000,"{""graph_degree"":128,""intermediate_graph_degree"":128}",latency,True,True,,
pgcuvs_cagra,400,10,0.9992,468.1,4272.463,2.117,2.263,2.69,27.136,3584000000,2000,"{""graph_degree"":128,""intermediate_graph_degree"":128}",latency,True,True,,
pgcuvs_hnsw_import,16,10,0.8066,349.8,5717.489,2.772,3.813,4.424,49.947,8192008192,2000,"{""graph_degree"":32,""intermediate_graph_degree"":128,""mode"":""nsw""}",latency,False,True,,
pgcuvs_hnsw_import,32,10,0.9037,263.6,7587.328,3.702,4.931,5.883,49.947,8192008192,2000,"{""graph_degree"":32,""intermediate_graph_degree"":128,""mode"":""nsw""}",latency,True,True,,
pgcuvs_hnsw_import,64,10,0.9589,173.4,11531.431,5.729,7.315,8.573,49.947,8192008192,2000,"{""graph_degree"":32,""intermediate_graph_degree"":128,""mode"":""nsw""}",latency,True,True,,
pgcuvs_hnsw_import,128,10,0.9821,110.5,18093.791,9.049,11.567,12.7,49.947,8192008192,2000,"{""graph_degree"":32,""intermediate_graph_degree"":128,""mode"":""nsw""}",latency,True,True,,
pgcuvs_hnsw_import,256,10,0.9926,70.0,28590.727,14.33,18.811,20.53,49.947,8192008192,2000,"{""graph_degree"":32,""intermediate_graph_degree"":128,""mode"":""nsw""}",latency,True,True,,
pgcuvs_hnsw_import,512,10,0.9963,38.8,51519.963,25.67,35.274,39.012,49.947,8192008192,2000,"{""graph_degree"":32,""intermediate_graph_degree"":128,""mode"":""nsw""}",latency,True,True,,
pgcuvs_hnsw_import,16,10,0.8984,239.3,8356.321,4.077,5.555,6.474,51.576,8192008192,2000,"{""graph_degree"":64,""intermediate_graph_degree"":128,""mode"":""nsw""}",latency,False,True,,
pgcuvs_hnsw_import,32,10,0.9578,165.3,12101.904,5.974,8.049,9.397,51.576,8192008192,2000,"{""graph_degree"":64,""intermediate_graph_degree"":128,""mode"":""nsw""}",latency,True,True,,
pgcuvs_hnsw_import,64,10,0.9831,110.1,18158.327,9.087,11.863,13.348,51.576,8192008192,2000,"{""graph_degree"":64,""intermediate_graph_degree"":128,""mode"":""nsw""}",latency,True,True,,
pgcuvs_hnsw_import,128,10,0.9926,69.5,28769.884,14.387,19.399,21.448,51.576,8192008192,2000,"{""graph_degree"":64,""intermediate_graph_degree"":128,""mode"":""nsw""}",latency,True,True,,
pgcuvs_hnsw_import,256,10,0.9966,42.3,47293.353,23.498,33.24,37.786,51.576,8192008192,2000,"{""graph_degree"":64,""intermediate_graph_degree"":128,""mode"":""nsw""}",latency,True,True,,
pgcuvs_hnsw_import,512,10,0.9978,26.0,76874.273,37.933,56.36,63.173,51.576,8192008192,2000,"{""graph_degree"":64,""intermediate_graph_degree"":128,""mode"":""nsw""}",latency,True,True,,
pgcuvs_hnsw_import,16,10,0.7979,375.8,5322.496,2.58,3.494,4.202,61.217,8192008192,2000,"{""graph_degree"":32,""intermediate_graph_degree"":128,""mode"":""hnswlib""}",latency,False,True,,
pgcuvs_hnsw_import,32,10,0.8966,261.1,7659.256,3.745,5.125,6.157,61.217,8192008192,2000,"{""graph_degree"":32,""intermediate_graph_degree"":128,""mode"":""hnswlib""}",latency,True,True,,
pgcuvs_hnsw_import,64,10,0.9553,176.6,11328.208,5.659,7.261,8.805,61.217,8192008192,2000,"{""graph_degree"":32,""intermediate_graph_degree"":128,""mode"":""hnswlib""}",latency,True,True,,
pgcuvs_hnsw_import,128,10,0.9819,106.5,18777.24,9.406,12.037,13.786,61.217,8192008192,2000,"{""graph_degree"":32,""intermediate_graph_degree"":128,""mode"":""hnswlib""}",latency,True,True,,
pgcuvs_hnsw_import,256,10,0.9922,66.1,30277.312,15.192,20.017,21.982,61.217,8192008192,2000,"{""graph_degree"":32,""intermediate_graph_degree"":128,""mode"":""hnswlib""}",latency,True,True,,
pgcuvs_hnsw_import,512,10,0.9969,37.8,52872.403,26.424,36.099,39.586,61.217,8192008192,2000,"{""graph_degree"":32,""intermediate_graph_degree"":128,""mode"":""hnswlib""}",latency,True,True,,
pgcuvs_hnsw_import,16,10,0.8962,265.0,7548.272,3.667,5.183,6.107,59.604,8192008192,2000,"{""graph_degree"":64,""intermediate_graph_degree"":128,""mode"":""hnswlib""}",latency,False,True,,
pgcuvs_hnsw_import,32,10,0.9537,177.1,11294.13,5.562,7.601,9.096,59.604,8192008192,2000,"{""graph_degree"":64,""intermediate_graph_degree"":128,""mode"":""hnswlib""}",latency,True,True,,
pgcuvs_hnsw_import,64,10,0.9808,114.3,17493.053,8.708,11.706,13.339,59.604,8192008192,2000,"{""graph_degree"":64,""intermediate_graph_degree"":128,""mode"":""hnswlib""}",latency,True,True,,
pgcuvs_hnsw_import,128,10,0.991,71.9,27830.725,13.894,19.085,21.272,59.604,8192008192,2000,"{""graph_degree"":64,""intermediate_graph_degree"":128,""mode"":""hnswlib""}",latency,True,True,,
pgcuvs_hnsw_import,256,10,0.9963,43.3,46204.961,23.013,32.975,36.473,59.604,8192008192,2000,"{""graph_degree"":64,""intermediate_graph_degree"":128,""mode"":""hnswlib""}",latency,True,True,,
pgcuvs_hnsw_import,512,10,0.9982,24.8,80549.519,39.706,59.176,67.079,59.604,8192008192,2000,"{""graph_degree"":64,""intermediate_graph_degree"":128,""mode"":""hnswlib""}",latency,True,True,,
cuvs,16,10,0.9398,729.4,2741.926,1.365,1.403,1.441,5.729,0,2000,"{""graph_degree"":32,""intermediate_graph_degree"":128}",latency,False,True,,raw-arm=wall-clock gpu_mem_used_mb=13569
cuvs,32,10,0.9399,730.1,2739.236,1.365,1.403,1.437,5.729,0,2000,"{""graph_degree"":32,""intermediate_graph_degree"":128}",latency,True,True,,raw-arm=wall-clock gpu_mem_used_mb=13569
cuvs,64,10,0.94,731.8,2733.107,1.364,1.402,1.434,5.729,0,2000,"{""graph_degree"":32,""intermediate_graph_degree"":128}",latency,True,True,,raw-arm=wall-clock gpu_mem_used_mb=13569
cuvs,100,10,0.9777,664.1,3011.75,1.386,1.43,1.471,5.729,0,2000,"{""graph_degree"":32,""intermediate_graph_degree"":128}",latency,True,True,,raw-arm=wall-clock gpu_mem_used_mb=13571
cuvs,200,10,0.9913,708.3,2823.723,1.407,1.454,1.498,5.729,0,2000,"{""graph_degree"":32,""intermediate_graph_degree"":128}",latency,True,True,,raw-arm=wall-clock gpu_mem_used_mb=13571
cuvs,400,10,0.9972,691.0,2894.272,1.437,1.51,1.608,5.729,0,2000,"{""graph_degree"":32,""intermediate_graph_degree"":128}",latency,True,True,,raw-arm=wall-clock gpu_mem_used_mb=13571
cuvs,16,10,0.9755,664.3,3010.559,1.502,1.54,1.586,6.285,0,2000,"{""graph_degree"":64,""intermediate_graph_degree"":128}",latency,False,True,,raw-arm=wall-clock gpu_mem_used_mb=13689
cuvs,32,10,0.9755,664.4,3010.15,1.503,1.538,1.577,6.285,0,2000,"{""graph_degree"":64,""intermediate_graph_degree"":128}",latency,True,True,,raw-arm=wall-clock gpu_mem_used_mb=13689
cuvs,64,10,0.9755,617.3,3239.894,1.502,1.539,1.582,6.285,0,2000,"{""graph_degree"":64,""intermediate_graph_degree"":128}",latency,True,True,,raw-arm=wall-clock gpu_mem_used_mb=13689
cuvs,100,10,0.9905,654.2,3057.255,1.526,1.566,1.596,6.285,0,2000,"{""graph_degree"":64,""intermediate_graph_degree"":128}",latency,True,True,,raw-arm=wall-clock gpu_mem_used_mb=13689
cuvs,200,10,0.9958,643.0,3110.519,1.551,1.599,1.647,6.285,0,2000,"{""graph_degree"":64,""intermediate_graph_degree"":128}",latency,True,True,,raw-arm=wall-clock gpu_mem_used_mb=13689
cuvs,400,10,0.999,583.9,3425.396,1.589,1.667,1.794,6.285,0,2000,"{""graph_degree"":64,""intermediate_graph_degree"":128}",latency,True,True,,raw-arm=wall-clock gpu_mem_used_mb=13689
cuvs,16,10,0.9872,525.2,3808.334,1.786,1.839,1.992,7.819,0,2000,"{""graph_degree"":128,""intermediate_graph_degree"":128}",latency,False,True,,raw-arm=wall-clock gpu_mem_used_mb=13929
cuvs,32,10,0.9875,560.3,3569.521,1.785,1.834,1.872,7.819,0,2000,"{""graph_degree"":128,""intermediate_graph_degree"":128}",latency,True,True,,raw-arm=wall-clock gpu_mem_used_mb=13929
cuvs,64,10,0.9873,560.6,3567.321,1.784,1.834,1.884,7.819,0,2000,"{""graph_degree"":128,""intermediate_graph_degree"":128}",latency,True,True,,raw-arm=wall-clock gpu_mem_used_mb=13929
cuvs,100,10,0.9955,516.7,3870.78,1.819,1.873,1.942,7.819,0,2000,"{""graph_degree"":128,""intermediate_graph_degree"":128}",latency,True,True,,raw-arm=wall-clock gpu_mem_used_mb=13929
cuvs,200,10,0.9986,538.4,3715.016,1.852,1.912,2.004,7.819,0,2000,"{""graph_degree"":128,""intermediate_graph_degree"":128}",latency,True,True,,raw-arm=wall-clock gpu_mem_used_mb=13929
cuvs,400,10,0.9992,493.7,4050.88,1.899,1.993,2.188,7.819,0,2000,"{""graph_degree"":128,""intermediate_graph_degree"":128}",latency,True,True,,raw-arm=wall-clock gpu_mem_used_mb=13929
pgcuvs_cagra_batch,batch_k200,10,0.9907,840.2,2380.337,nan,nan,nan,24.0585077479991,3200000000,2000,"{""graph_degree"":32,""intermediate_graph_degree"":128}",throughput,False,True,,"max_connections=100; daemon up; cuvs.shard_count=1; K=200 (Pareto cuvs.k), client-side top-10 cut; repeats=10 median=2380.3ms min=2187.0ms max=2517.2ms; gate-ok fallback-delta=0 (want 0); GATE-VIOLATION batch recall=0.9907 vs single=0.9928 delta=0.0021 (tol=0.002)"
pgcuvs_cagra_conc1,conc1,10,0.9927,561.9,30002.137,1.766,1.902,2.215,24.0585077479991,3200000000,16858,"{""graph_degree"":32,""intermediate_graph_degree"":128}",throughput,True,True,,"max_connections=100; daemon up; cuvs.shard_count=1; param=200; recall over 10000 gt-covered queries; slice repeated 1.7x within the window (cache-hot to that degree); gate-ok index_used=['t_cagra'] expected=t_cagra; gate-ok fallback-delta=0 (want 0); gate-ok conc1/latency QPS ratio=0.968 (want [0.8,1.0])"
pgcuvs_cagra_conc8,conc8,10,0.9928,1547.2,30008.353,5.142,5.503,8.418,24.0585077479991,3200000000,46429,"{""graph_degree"":32,""intermediate_graph_degree"":128}",throughput,True,True,,max_connections=100; daemon up; cuvs.shard_count=1; param=200; recall over 10000 gt-covered queries; slice repeated 4.7x within the window (cache-hot to that degree); gate-ok index_used=['t_cagra'] expected=t_cagra; gate-ok fallback-delta=0 (want 0)
pgcuvs_cagra_conc16,conc16,10,0.9927,1509.5,30031.711,10.553,18.705,19.742,24.0585077479991,3200000000,45333,"{""graph_degree"":32,""intermediate_graph_degree"":128}",throughput,True,True,,max_connections=100; daemon up; cuvs.shard_count=1; param=200; recall over 10000 gt-covered queries; slice repeated 4.6x within the window (cache-hot to that degree); gate-ok index_used=['t_cagra'] expected=t_cagra; gate-ok fallback-delta=0 (want 0)
pgcuvs_cagra_conc32,conc32,10,0.9926,1468.7,30074.034,21.67,40.915,42.228,24.0585077479991,3200000000,44169,"{""graph_degree"":32,""intermediate_graph_degree"":128}",throughput,True,True,,max_connections=100; daemon up; cuvs.shard_count=1; param=200; recall over 10000 gt-covered queries; slice repeated 4.5x within the window (cache-hot to that degree); gate-ok index_used=['t_cagra'] expected=t_cagra; gate-ok fallback-delta=0 (want 0)
pgcuvs_cagra_conc64,conc64,10,0.9927,1474.3,30162.491,43.283,82.987,86.141,24.0585077479991,3200000000,44470,"{""graph_degree"":32,""intermediate_graph_degree"":128}",throughput,True,True,,max_connections=100; daemon up; cuvs.shard_count=1; param=200; recall over 10000 gt-covered queries; slice repeated 4.6x within the window (cache-hot to that degree); gate-ok index_used=['t_cagra'] expected=t_cagra; gate-ok fallback-delta=0 (want 0)
pgvector_hnsw_conc1,conc1,10,0.9116,96.8,30009.377,10.335,14.435,16.343,121.39000082400162,4093870080,2906,"{""ef_construction"":64,""m"":16}",throughput,False,True,,"max_connections=100; daemon up; cuvs.shard_count=1; param=200; recall over 2906 gt-covered queries; gate-ok index_used=['t_hnsw_pgv'] expected=t_hnsw_pgv; fallback-delta=0 (not gated: enable_cuvs=off makes the planner's cost hook record one reason=disabled fallback per PLANNING call for the co-resident GPU index and then drop it -- plan-time bookkeeping, not a served query; see index_used); gate-ok conc1/latency QPS ratio=0.948 (want [0.8,1.0])"
pgvector_hnsw_conc8,conc8,10,0.9116,456.9,30018.192,17.509,24.632,27.852,121.39000082400162,4093870080,13716,"{""ef_construction"":64,""m"":16}",throughput,False,True,,"max_connections=100; daemon up; cuvs.shard_count=1; param=200; recall over 10000 gt-covered queries; slice repeated 1.4x within the window (cache-hot to that degree); gate-ok index_used=['t_hnsw_pgv'] expected=t_hnsw_pgv; fallback-delta=0 (not gated: enable_cuvs=off makes the planner's cost hook record one reason=disabled fallback per PLANNING call for the co-resident GPU index and then drop it -- plan-time bookkeeping, not a served query; see index_used)"
pgvector_hnsw_conc16,conc16,10,0.9116,657.1,30038.362,24.265,34.306,39.765,121.39000082400162,4093870080,19737,"{""ef_construction"":64,""m"":16}",throughput,False,True,,"max_connections=100; daemon up; cuvs.shard_count=1; param=200; recall over 10000 gt-covered queries; slice repeated 2.0x within the window (cache-hot to that degree); gate-ok index_used=['t_hnsw_pgv'] expected=t_hnsw_pgv; fallback-delta=0 (not gated: enable_cuvs=off makes the planner's cost hook record one reason=disabled fallback per PLANNING call for the co-resident GPU index and then drop it -- plan-time bookkeeping, not a served query; see index_used)"
pgvector_hnsw_conc32,conc32,10,0.9116,569.2,30082.49,55.784,81.723,94.489,121.39000082400162,4093870080,17122,"{""ef_construction"":64,""m"":16}",throughput,False,True,,"max_connections=100; daemon up; cuvs.shard_count=1; param=200; recall over 10000 gt-covered queries; slice repeated 1.8x within the window (cache-hot to that degree); gate-ok index_used=['t_hnsw_pgv'] expected=t_hnsw_pgv; fallback-delta=0 (not gated: enable_cuvs=off makes the planner's cost hook record one reason=disabled fallback per PLANNING call for the co-resident GPU index and then drop it -- plan-time bookkeeping, not a served query; see index_used)"
pgvector_hnsw_conc64,conc64,10,0.9116,584.5,30220.923,108.064,160.205,186.262,121.39000082400162,4093870080,17665,"{""ef_construction"":64,""m"":16}",throughput,False,True,,"max_connections=100; daemon up; cuvs.shard_count=1; param=200; recall over 10000 gt-covered queries; slice repeated 1.9x within the window (cache-hot to that degree); gate-ok index_used=['t_hnsw_pgv'] expected=t_hnsw_pgv; fallback-delta=0 (not gated: enable_cuvs=off makes the planner's cost hook record one reason=disabled fallback per PLANNING call for the co-resident GPU index and then drop it -- plan-time bookkeeping, not a served query; see index_used)"
cuvs_batch,batch_k200,10,0.9892,70989.5,28.173,nan,nan,nan,5.629172958993877,0,2000,"{""graph_degree"":32,""intermediate_graph_degree"":128}",throughput,False,True,,"max_connections=100; daemon up; cuvs.shard_count=1; K=200 (Pareto point), recall@10; raw index rebuilt at the Pareto cell's build PARAMETERS (a CAGRA build is not bit-identical, so this is not the Phase-1 graph); raw-arm=wall-clock gpu_mem_used_mb=13433; repeats=10 median=28.2ms"
